{
  "gallery": [
    {
      "id": "1",
      "title": "Saucony",
      "image": "img/img-1.jpg",
      "price": "3250",
      "views": "31,444"
      
    },
    {
      "id": "2",
      "title": "Skechers",
      "image": "img/img-2.jpg",
      "price": "5550",
      "views": "65,345"
      
    },
    {
      "id": "3",
      "title": "Timberland",
      "image": "img/img-3.jpg",
      "price": "2650",
      "views": "12,460"
    },
    {
      "id": "4",
      "title": "Gucci",
      "image": "img/img-4.jpg",
      "price": "2499",
      "views": "11,402"
      
    },
    {
      "id": "5",
      "title": "Steve Madden",
      "image": "img/img-5.jpg",
      "price": "2999",
      "views": "16,080"
         },
    {
      "id": "6",
      "title": "Balenciaga",
      "image": "img/img-6.jpg",
      "price": "1599",
      "views": "12,580"
      
    },
    {
      "id": "7",
      "title": "Maison Margiela",
      "image": "img/img-7.WEBP",
      "price": "2800",
      "views": "10,250"
      
    },
    {
      "id": "8",
      "title": "Reebok",
      "image": "img/img-8.jpg",
      "price": "4999",
      "views": "11,300"
      
    },
    {
      "id": "9",
      "title": "Adidas",
      "image": "img/img-9.jpg",
      "price": "3799",
      "views": "34,854"
    },
    {
      "id": "10",
      "title": "Under Armour",
      "image": "img/img-10.jpg",
      "price": "6999",
      "views": "23,380"
    },
    {
      "id": "11",
      "title": "Vans",
      "image": "img/11.jpg",
      "price": "4699",
      "views": "20,790"
    },
    {
      "id": "12",
      "title": "New Balance Athletics",
      "image": "img/12.jpg",
      "price": "6599",
      "views": "45,430"   
    }
  ]
}